Workbook

Sheet ECOMMERS SALES
A1: Order_ID | B1: Order_Date | C1: Product_Name | D1: Category | E1: Quantity | F1: Unit_Price | G1: Total_Sales | H1: Region | I1: Customer_Type | J1: Payment_Method
A2: 1001 | B2: 02-01-2025 | C2: Laptop | D2: Electronics | E2: 2 | F2: 50353 | G2: 100706 | H2: Chennai | I2: Premimum | J2: Card
A3: 1002 | B3: 03-01-2025 | C3: Headphones | D3: Electronics | E3: 2 | F3: 2008 | G3: 4016 | H3: Delhi | I3: New | J3: UPI
A4: 1003 | B4: 04-01-2025 | C4: Shoes | D4: Fashion | E4: 1 | F4: 4736 | G4: 4736 | H4: Chennai | I4: New | J4: UPI
A5: 1004 | B5: 05-01-2025 | C5: Watch | D5: Other | E5: 2 | F5: 10072 | G5: 20144 | H5: Pune | I5: Premimum | J5: Card
A6: 1005 | B6: 06-01-2025 | C6: Mobile Case | D6: Other | E6: 2 | F6: 920 | G6: 1840 | H6: Pune | I6: New | J6: UPI
A7: 1006 | B7: 07-01-2025 | C7: Tablet | D7: Electronics | E7: 1 | F7: 13225 | G7: 13225 | H7: Delhi | I7: Returning | J7: COD
A8: 1007 | B8: 08-01-2025 | C8: Book | D8: Books | E8: 3 | F8: 621 | G8: 1863 | H8: Hyderabad | I8: Premimum | J8: UPI
A9: 1008 | B9: 09-01-2025 | C9: Backpack | D9: Fashion | E9: 2 | F9: 905 | G9: 1810 | H9: Bangalore | I9: New | J9: COD
A10: 1009 | B10: 10-01-2025 | C10: Smartwatch | D10: Electronics | E10: 1 | F10: 8563 | G10: 8563 | H10: Hyderabad | I10: Returning | J10: Card
A11: 1010 | B11: 11-01-2025 | C11: Water Bottle | D11: Other | E11: 1 | F11: 268 | G11: 268 | H11: Chennai | I11: New | J11: UPI
A12: 1011 | B12: 12-01-2025 | C12: Laptop | D12: Electronics | E12: 2 | F12: 54018 | G12: 108036 | H12: Hyderabad | I12: Returning | J12: Card
A13: 1012 | B13: 13-01-2025 | C13: Headphones | D13: Electronics | E13: 3 | F13: 4762 | G13: 14286 | H13: Delhi | I13: Returning | J13: UPI
... A500: 1499 | B500: 15-05-2026 | C500: Smartwatch | D500: Electronics | E500: 1 | F500: 13343 | G500: 13343 | H500: Hyderabad | I500: Premimum | J500: UPI

Sheet Aggrigate function
A1: Order_ID | B1: Order_Date | C1: Product_Name | D1: Category | E1: Quantity | F1: Unit_Price | G1: Total_Sales | H1: Region | I1: Customer_Type | J1: Payment_Method | K1: Aggrigate function | L1: function name | M1: Column1
A2: 1001 | B2: 02-01-2025 | C2: Laptop | D2: Electronics | E2: 2 | F2: 50353 | G2: 100706 | H2: Chennai | I2: Premimum | J2: Card | K2: =SUM(F:F) -> 5498537 | L2: Sum | O2: COUNTIF
A3: 1002 | B3: 03-01-2025 | C3: Headphones | D3: Electronics | E3: 2 | F3: 2008 | G3: 4016 | H3: Delhi | I3: New | J3: UPI | K3: =COUNT(F:F) -> 499 | L3: Count
A4: 1003 | B4: 04-01-2025 | C4: Shoes | D4: Fashion | E4: 1 | F4: 4736 | G4: 4736 | H4: Chennai | I4: New | J4: UPI | K4: =MIN(F:F) -> 100 | L4: min
A5: 1004 | B5: 05-01-2025 | C5: Watch | D5: Other | E5: 2 | F5: 10072 | G5: 20144 | H5: Pune | I5: Premimum | J5: Card | K5: =MAX(F:F) -> 69296 | L5: max | O5: Category | P5: Total
A6: 1005 | B6: 06-01-2025 | C6: Mobile Case | D6: Other | E6: 2 | F6: 920 | G6: 1840 | H6: Pune | I6: New | J6: UPI | K6: =AVERAGE(F:F) -> 11019.112 | L6: avg | O6: Electronics | P6: =COUNTIF(D:D,O6) -> 200
A7: 1006 | B7: 07-01-2025 | C7: Tablet | D7: Electronics | E7: 1 | F7: 13225 | G7: 13225 | H7: Delhi | I7: Returning | J7: COD | O7: Fashion | P7: =COUNTIF(D:D,O7) -> 100
A8: 1007 | B8: 08-01-2025 | C8: Book | D8: Books | E8: 3 | F8: 621 | G8: 1863 | H8: Hyderabad | I8: Premimum | J8: UPI | O8: Other | P8: =COUNTIF(D:D,O8) -> 149
A9: 1008 | B9: 09-01-2025 | C9: Backpack | D9: Fashion | E9: 2 | F9: 905 | G9: 1810 | H9: Bangalore | I9: New | J9: COD
A10: 1009 | B10: 10-01-2025 | C10: Smartwatch | D10: Electronics | E10: 1 | F10: 8563 | G10: 8563 | H10: Hyderabad | I10: Returning | J10: Card
A11: 1010 | B11: 11-01-2025 | C11: Water Bottle | D11: Other | E11: 1 | F11: 268 | G11: 268 | H11: Chennai | I11: New | J11: UPI
A12: 1011 | B12: 12-01-2025 | C12: Laptop | D12: Electronics | E12: 2 | F12: 54018 | G12: 108036 | H12: Hyderabad | I12: Returning | J12: Card
A13: 1012 | B13: 13-01-2025 | C13: Headphones | D13: Electronics | E13: 3 | F13: 4762 | G13: 14286 | H13: Delhi | I13: Returning | J13: UPI
A14: 1013 | B14: 14-01-2025 | C14: Shoes | D14: Fashion | E14: 2 | F14: 4880 | G14: 9760 | H14: Pune | I14: Returning | J14: COD
A15: 1014 | B15: 15-01-2025 | C15: Watch | D15: Other | E15: 1 | F15: 8508 | G15: 8508 | H15: Chennai | I15: Returning | J15: Card
A16: 1015 | B16: 16-01-2025 | C16: Mobile Case | D16: Other | E16: 4 | F16: 119 | G16: 476 | H16: Chennai | I16: New | J16: UPI
A17: 1016 | B17: 17-01-2025 | C17: Tablet | D17: Electronics | E17: 1 | F17: 37589 | G17: 37589 | H17: Mumbai | I17: New | J17: COD
A18: 1017 | B18: 18-01-2025 | C18: Book | D18: Books | E18: 1 | F18: 781 | G18: 781 | H18: Delhi | I18: Premimum | J18: UPI
A19: 1018 | B19: 19-01-2025 | C19: Backpack | D19: Fashion | E19: 5 | F19: 809 | G19: 4045 | H19: Mumbai | I19: Premimum | J19: UPI
A20: 1019 | B20: 20-01-2025 | C20: Smartwatch | D20: Electronics | E20: 2 | F20: 4129 | G20: 8258 | H20: Pune | I20: Premimum | J20: UPI
... A500: 1499 | B500: 15-05-2026 | C500: Smartwatch | D500: Electronics | E500: 1 | F500: 13343 | G500: 13343 | H500: Hyderabad | I500: Premimum | J500: UPI

Sheet index match
A1: Product_Name | B1: Order_ID | C1: Order_Date | D1: Category | E1: Quantity | F1: Unit_Price | G1: Total_Sales | H1: Region | I1: Customer_Type | J1: Payment_Method
A2: Laptop | B2: =INDEX('ECOMMERS SALES'!$A:$J,MATCH('index match'!$A2,'ECOMMERS SALES'!$C:$C,0),MATCH('index match'!B$1,ECOMMERS_SALES[#Headers],0)) -> 1001 | C2: =INDEX('ECOMMERS SALES'!$A:$J,MATCH('index match'!$A2,'ECOMMERS SALES'!$C:$C,0),MATCH('index match'!C$1,ECOMMERS_SALES[#Headers],0)) -> 02-01-2025 | D2: =INDEX('ECOMMERS SALES'!$A:$J,MATCH('index match'!$A2,'ECOMMERS SALES'!$C:$C,0),MATCH('index match'!D$1,ECOMMERS_SALES[#Headers],0)) -> Electronics | E2: =INDEX('ECOMMERS SALES'!$A:$J,MATCH('index match'!$A2,'ECOMMERS SALES'!$C:$C,0),MATCH('index match'!E$1,ECOMMERS_SALES[#Headers],0)) -> 2 | F2: =INDEX('ECOMMERS SALES'!$A:$J,MATCH('index match'!$A2,'ECOMMERS SALES'!$C:$C,0),MATCH('index match'!F$1,ECOMMERS_SALES[#Headers],0)) -> 50353 | G2: =INDEX('ECOMMERS SALES'!$A:$J,MATCH('index match'!$A2,'ECOMMERS SALES'!$C:$C,0),MATCH('index match'!G$1,ECOMMERS_SALES[#Headers],0)) -> 100706 | H2: =INDEX('ECOMMERS SALES'!$A:$J,MATCH('index match'!$A2,'ECOMMERS SALES'!$C:$C,0),MATCH('index match'!H$1,ECOMMERS_SALES[#Headers],0)) -> Chennai | I2: =INDEX('ECOMMERS SALES'!$A:$J,MATCH('index match'!$A2,'ECOMMERS SALES'!$C:$C,0),MATCH('index match'!I$1,ECOMMERS_SALES[#Headers],0)) -> Premimum | J2: =INDEX('ECOMMERS SALES'!$A:$J,MATCH('index match'!$A2,'ECOMMERS SALES'!$C:$C,0),MATCH('index match'!J$1,ECOMMERS_SALES[#Headers],0)) -> Card
A3: Headphones | B3: =INDEX('ECOMMERS SALES'!$A:$J,MATCH('index match'!$A3,'ECOMMERS SALES'!$C:$C,0),MATCH('index match'!B$1,ECOMMERS_SALES[#Headers],0)) -> 1002 | C3: =INDEX('ECOMMERS SALES'!$A:$J,MATCH('index match'!$A3,'ECOMMERS SALES'!$C:$C,0),MATCH('index match'!C$1,ECOMMERS_SALES[#Headers],0)) -> 03-01-2025 | D3: =INDEX('ECOMMERS SALES'!$A:$J,MATCH('index match'!$A3,'ECOMMERS SALES'!$C:$C,0),MATCH('index match'!D$1,ECOMMERS_SALES[#Headers],0)) -> Electronics | E3: =INDEX('ECOMMERS SALES'!$A:$J,MATCH('index match'!$A3,'ECOMMERS SALES'!$C:$C,0),MATCH('index match'!E$1,ECOMMERS_SALES[#Headers],0)) -> 2 | F3: =INDEX('ECOMMERS SALES'!$A:$J,MATCH('index match'!$A3,'ECOMMERS SALES'!$C:$C,0),MATCH('index match'!F$1,ECOMMERS_SALES[#Headers],0)) -> 2008 | G3: =INDEX('ECOMMERS SALES'!$A:$J,MATCH('index match'!$A3,'ECOMMERS SALES'!$C:$C,0),MATCH('index match'!G$1,ECOMMERS_SALES[#Headers],0)) -> 4016 | H3: =INDEX('ECOMMERS SALES'!$A:$J,MATCH('index match'!$A3,'ECOMMERS SALES'!$C:$C,0),MATCH('index match'!H$1,ECOMMERS_SALES[#Headers],0)) -> Delhi | I3: =INDEX('ECOMMERS SALES'!$A:$J,MATCH('index match'!$A3,'ECOMMERS SALES'!$C:$C,0),MATCH('index match'!I$1,ECOMMERS_SALES[#Headers],0)) -> New | J3: =INDEX('ECOMMERS SALES'!$A:$J,MATCH('index match'!$A3,'ECOMMERS SALES'!$C:$C,0),MATCH('index match'!J$1,ECOMMERS_SALES[#Headers],0)) -> UPI
A4: Shoes | B4: =INDEX('ECOMMERS SALES'!$A:$J,MATCH('index match'!$A4,'ECOMMERS SALES'!$C:$C,0),MATCH('index match'!B$1,ECOMMERS_SALES[#Headers],0)) -> 1003 | C4: =INDEX('ECOMMERS SALES'!$A:$J,MATCH('index match'!$A4,'ECOMMERS SALES'!$C:$C,0),MATCH('index match'!C$1,ECOMMERS_SALES[#Headers],0)) -> 04-01-2025 | D4: =INDEX('ECOMMERS SALES'!$A:$J,MATCH('index match'!$A4,'ECOMMERS SALES'!$C:$C,0),MATCH('index match'!D$1,ECOMMERS_SALES[#Headers],0)) -> Fashion | E4: =INDEX('ECOMMERS SALES'!$A:$J,MATCH('index match'!$A4,'ECOMMERS SALES'!$C:$C,0),MATCH('index match'!E$1,ECOMMERS_SALES[#Headers],0)) -> 1 | F4: =INDEX('ECOMMERS SALES'!$A:$J,MATCH('index match'!$A4,'ECOMMERS SALES'!$C:$C,0),MATCH('index match'!F$1,ECOMMERS_SALES[#Headers],0)) -> 4736 | G4: =INDEX('ECOMMERS SALES'!$A:$J,MATCH('index match'!$A4,'ECOMMERS SALES'!$C:$C,0),MATCH('index match'!G$1,ECOMMERS_SALES[#Headers],0)) -> 4736 | H4: =INDEX('ECOMMERS SALES'!$A:$J,MATCH('index match'!$A4,'ECOMMERS SALES'!$C:$C,0),MATCH('index match'!H$1,ECOMMERS_SALES[#Headers],0)) -> Chennai | I4: =INDEX('ECOMMERS SALES'!$A:$J,MATCH('index match'!$A4,'ECOMMERS SALES'!$C:$C,0),MATCH('index match'!I$1,ECOMMERS_SALES[#Headers],0)) -> New | J4: =INDEX('ECOMMERS SALES'!$A:$J,MATCH('index match'!$A4,'ECOMMERS SALES'!$C:$C,0),MATCH('index match'!J$1,ECOMMERS_SALES[#Headers],0)) -> UPI
A5: Watch | B5: =INDEX('ECOMMERS SALES'!$A:$J,MATCH('index match'!$A5,'ECOMMERS SALES'!$C:$C,0),MATCH('index match'!B$1,ECOMMERS_SALES[#Headers],0)) -> 1004 | C5: =INDEX('ECOMMERS SALES'!$A:$J,MATCH('index match'!$A5,'ECOMMERS SALES'!$C:$C,0),MATCH('index match'!C$1,ECOMMERS_SALES[#Headers],0)) -> 05-01-2025 | D5: =INDEX('ECOMMERS SALES'!$A:$J,MATCH('index match'!$A5,'ECOMMERS SALES'!$C:$C,0),MATCH('index match'!D$1,ECOMMERS_SALES[#Headers],0)) -> Other | E5: =INDEX('ECOMMERS SALES'!$A:$J,MATCH('index match'!$A5,'ECOMMERS SALES'!$C:$C,0),MATCH('index match'!E$1,ECOMMERS_SALES[#Headers],0)) -> 2 | F5: =INDEX('ECOMMERS SALES'!$A:$J,MATCH('index match'!$A5,'ECOMMERS SALES'!$C:$C,0),MATCH('index match'!F$1,ECOMMERS_SALES[#Headers],0)) -> 10072 | G5: =INDEX('ECOMMERS SALES'!$A:$J,MATCH('index match'!$A5,'ECOMMERS SALES'!$C:$C,0),MATCH('index match'!G$1,ECOMMERS_SALES[#Headers],0)) -> 20144 | H5: =INDEX('ECOMMERS SALES'!$A:$J,MATCH('index match'!$A5,'ECOMMERS SALES'!$C:$C,0),MATCH('index match'!H$1,ECOMMERS_SALES[#Headers],0)) -> Pune | I5: =INDEX('ECOMMERS SALES'!$A:$J,MATCH('index match'!$A5,'ECOMMERS SALES'!$C:$C,0),MATCH('index match'!I$1,ECOMMERS_SALES[#Headers],0)) -> Premimum | J5: =INDEX('ECOMMERS SALES'!$A:$J,MATCH('index match'!$A5,'ECOMMERS SALES'!$C:$C,0),MATCH('index match'!J$1,ECOMMERS_SALES[#Headers],0)) -> Card
A6: Mobile Case | B6: =INDEX('ECOMMERS SALES'!$A:$J,MATCH('index match'!$A6,'ECOMMERS SALES'!$C:$C,0),MATCH('index match'!B$1,ECOMMERS_SALES[#Headers],0)) -> 1005 | C6: =INDEX('ECOMMERS SALES'!$A:$J,MATCH('index match'!$A6,'ECOMMERS SALES'!$C:$C,0),MATCH('index match'!C$1,ECOMMERS_SALES[#Headers],0)) -> 06-01-2025 | D6: =INDEX('ECOMMERS SALES'!$A:$J,MATCH('index match'!$A6,'ECOMMERS SALES'!$C:$C,0),MATCH('index match'!D$1,ECOMMERS_SALES[#Headers],0)) -> Other | E6: =INDEX('ECOMMERS SALES'!$A:$J,MATCH('index match'!$A6,'ECOMMERS SALES'!$C:$C,0),MATCH('index match'!E$1,ECOMMERS_SALES[#Headers],0)) -> 2 | F6: =INDEX('ECOMMERS SALES'!$A:$J,MATCH('index match'!$A6,'ECOMMERS SALES'!$C:$C,0),MATCH('index match'!F$1,ECOMMERS_SALES[#Headers],0)) -> 920 | G6: =INDEX('ECOMMERS SALES'!$A:$J,MATCH('index match'!$A6,'ECOMMERS SALES'!$C:$C,0),MATCH('index match'!G$1,ECOMMERS_SALES[#Headers],0)) -> 1840 | H6: =INDEX('ECOMMERS SALES'!$A:$J,MATCH('index match'!$A6,'ECOMMERS SALES'!$C:$C,0),MATCH('index match'!H$1,ECOMMERS_SALES[#Headers],0)) -> Pune | I6: =INDEX('ECOMMERS SALES'!$A:$J,MATCH('index match'!$A6,'ECOMMERS SALES'!$C:$C,0),MATCH('index match'!I$1,ECOMMERS_SALES[#Headers],0)) -> New | J6: =INDEX('ECOMMERS SALES'!$A:$J,MATCH('index match'!$A6,'ECOMMERS SALES'!$C:$C,0),MATCH('index match'!J$1,ECOMMERS_SALES[#Headers],0)) -> UPI
A7: Tablet | B7: =INDEX('ECOMMERS SALES'!$A:$J,MATCH('index match'!$A7,'ECOMMERS SALES'!$C:$C,0),MATCH('index match'!B$1,ECOMMERS_SALES[#Headers],0)) -> 1006 | C7: =INDEX('ECOMMERS SALES'!$A:$J,MATCH('index match'!$A7,'ECOMMERS SALES'!$C:$C,0),MATCH('index match'!C$1,ECOMMERS_SALES[#Headers],0)) -> 07-01-2025 | D7: =INDEX('ECOMMERS SALES'!$A:$J,MATCH('index match'!$A7,'ECOMMERS SALES'!$C:$C,0),MATCH('index match'!D$1,ECOMMERS_SALES[#Headers],0)) -> Electronics | E7: =INDEX('ECOMMERS SALES'!$A:$J,MATCH('index match'!$A7,'ECOMMERS SALES'!$C:$C,0),MATCH('index match'!E$1,ECOMMERS_SALES[#Headers],0)) -> 1 | F7: =INDEX('ECOMMERS SALES'!$A:$J,MATCH('index match'!$A7,'ECOMMERS SALES'!$C:$C,0),MATCH('index match'!F$1,ECOMMERS_SALES[#Headers],0)) -> 13225 | G7: =INDEX('ECOMMERS SALES'!$A:$J,MATCH('index match'!$A7,'ECOMMERS SALES'!$C:$C,0),MATCH('index match'!G$1,ECOMMERS_SALES[#Headers],0)) -> 13225 | H7: =INDEX('ECOMMERS SALES'!$A:$J,MATCH('index match'!$A7,'ECOMMERS SALES'!$C:$C,0),MATCH('index match'!H$1,ECOMMERS_SALES[#Headers],0)) -> Delhi | I7: =INDEX('ECOMMERS SALES'!$A:$J,MATCH('index match'!$A7,'ECOMMERS SALES'!$C:$C,0),MATCH('index match'!I$1,ECOMMERS_SALES[#Headers],0)) -> Returning | J7: =INDEX('ECOMMERS SALES'!$A:$J,MATCH('index match'!$A7,'ECOMMERS SALES'!$C:$C,0),MATCH('index match'!J$1,ECOMMERS_SALES[#Headers],0)) -> COD
A8: Book | B8: =INDEX('ECOMMERS SALES'!$A:$J,MATCH('index match'!$A8,'ECOMMERS SALES'!$C:$C,0),MATCH('index match'!B$1,ECOMMERS_SALES[#Headers],0)) -> 1007 | C8: =INDEX('ECOMMERS SALES'!$A:$J,MATCH('index match'!$A8,'ECOMMERS SALES'!$C:$C,0),MATCH('index match'!C$1,ECOMMERS_SALES[#Headers],0)) -> 08-01-2025 | D8: =INDEX('ECOMMERS SALES'!$A:$J,MATCH('index match'!$A8,'ECOMMERS SALES'!$C:$C,0),MATCH('index match'!D$1,ECOMMERS_SALES[#Headers],0)) -> Books | E8: =INDEX('ECOMMERS SALES'!$A:$J,MATCH('index match'!$A8,'ECOMMERS SALES'!$C:$C,0),MATCH('index match'!E$1,ECOMMERS_SALES[#Headers],0)) -> 3 | F8: =INDEX('ECOMMERS SALES'!$A:$J,MATCH('index match'!$A8,'ECOMMERS SALES'!$C:$C,0),MATCH('index match'!F$1,ECOMMERS_SALES[#Headers],0)) -> 621 | G8: =INDEX('ECOMMERS SALES'!$A:$J,MATCH('index match'!$A8,'ECOMMERS SALES'!$C:$C,0),MATCH('index match'!G$1,ECOMMERS_SALES[#Headers],0)) -> 1863 | H8: =INDEX('ECOMMERS SALES'!$A:$J,MATCH('index match'!$A8,'ECOMMERS SALES'!$C:$C,0),MATCH('index match'!H$1,ECOMMERS_SALES[#Headers],0)) -> Hyderabad | I8: =INDEX('ECOMMERS SALES'!$A:$J,MATCH('index match'!$A8,'ECOMMERS SALES'!$C:$C,0),MATCH('index match'!I$1,ECOMMERS_SALES[#Headers],0)) -> Premimum | J8: =INDEX('ECOMMERS SALES'!$A:$J,MATCH('index match'!$A8,'ECOMMERS SALES'!$C:$C,0),MATCH('index match'!J$1,ECOMMERS_SALES[#Headers],0)) -> UPI
A9: Backpack | B9: =INDEX('ECOMMERS SALES'!$A:$J,MATCH('index match'!$A9,'ECOMMERS SALES'!$C:$C,0),MATCH('index match'!B$1,ECOMMERS_SALES[#Headers],0)) -> 1008 | C9: =INDEX('ECOMMERS SALES'!$A:$J,MATCH('index match'!$A9,'ECOMMERS SALES'!$C:$C,0),MATCH('index match'!C$1,ECOMMERS_SALES[#Headers],0)) -> 09-01-2025 | D9: =INDEX('ECOMMERS SALES'!$A:$J,MATCH('index match'!$A9,'ECOMMERS SALES'!$C:$C,0),MATCH('index match'!D$1,ECOMMERS_SALES[#Headers],0)) -> Fashion | E9: =INDEX('ECOMMERS SALES'!$A:$J,MATCH('index match'!$A9,'ECOMMERS SALES'!$C:$C,0),MATCH('index match'!E$1,ECOMMERS_SALES[#Headers],0)) -> 2 | F9: =INDEX('ECOMMERS SALES'!$A:$J,MATCH('index match'!$A9,'ECOMMERS SALES'!$C:$C,0),MATCH('index match'!F$1,ECOMMERS_SALES[#Headers],0)) -> 905 | G9: =INDEX('ECOMMERS SALES'!$A:$J,MATCH('index match'!$A9,'ECOMMERS SALES'!$C:$C,0),MATCH('index match'!G$1,ECOMMERS_SALES[#Headers],0)) -> 1810 | H9: =INDEX('ECOMMERS SALES'!$A:$J,MATCH('index match'!$A9,'ECOMMERS SALES'!$C:$C,0),MATCH('index match'!H$1,ECOMMERS_SALES[#Headers],0)) -> Bangalore | I9: =INDEX('ECOMMERS SALES'!$A:$J,MATCH('index match'!$A9,'ECOMMERS SALES'!$C:$C,0),MATCH('index match'!I$1,ECOMMERS_SALES[#Headers],0)) -> New | J9: =INDEX('ECOMMERS SALES'!$A:$J,MATCH('index match'!$A9,'ECOMMERS SALES'!$C:$C,0),MATCH('index match'!J$1,ECOMMERS_SALES[#Headers],0)) -> COD
A10: Smartwatch | B10: =INDEX('ECOMMERS SALES'!$A:$J,MATCH('index match'!$A10,'ECOMMERS SALES'!$C:$C,0),MATCH('index match'!B$1,ECOMMERS_SALES[#Headers],0)) -> 1009 | C10: =INDEX('ECOMMERS SALES'!$A:$J,MATCH('index match'!$A10,'ECOMMERS SALES'!$C:$C,0),MATCH('index match'!C$1,ECOMMERS_SALES[#Headers],0)) -> 10-01-2025 | D10: =INDEX('ECOMMERS SALES'!$A:$J,MATCH('index match'!$A10,'ECOMMERS SALES'!$C:$C,0),MATCH('index match'!D$1,ECOMMERS_SALES[#Headers],0)) -> Electronics | E10: =INDEX('ECOMMERS SALES'!$A:$J,MATCH('index match'!$A10,'ECOMMERS SALES'!$C:$C,0),MATCH('index match'!E$1,ECOMMERS_SALES[#Headers],0)) -> 1 | F10: =INDEX('ECOMMERS SALES'!$A:$J,MATCH('index match'!$A10,'ECOMMERS SALES'!$C:$C,0),MATCH('index match'!F$1,ECOMMERS_SALES[#Headers],0)) -> 8563 | G10: =INDEX('ECOMMERS SALES'!$A:$J,MATCH('index match'!$A10,'ECOMMERS SALES'!$C:$C,0),MATCH('index match'!G$1,ECOMMERS_SALES[#Headers],0)) -> 8563 | H10: =INDEX('ECOMMERS SALES'!$A:$J,MATCH('index match'!$A10,'ECOMMERS SALES'!$C:$C,0),MATCH('index match'!H$1,ECOMMERS_SALES[#Headers],0)) -> Hyderabad | I10: =INDEX('ECOMMERS SALES'!$A:$J,MATCH('index match'!$A10,'ECOMMERS SALES'!$C:$C,0),MATCH('index match'!I$1,ECOMMERS_SALES[#Headers],0)) -> Returning | J10: =INDEX('ECOMMERS SALES'!$A:$J,MATCH('index match'!$A10,'ECOMMERS SALES'!$C:$C,0),MATCH('index match'!J$1,ECOMMERS_SALES[#Headers],0)) -> Card
A11: Water Bottle | B11: =INDEX('ECOMMERS SALES'!$A:$J,MATCH('index match'!$A11,'ECOMMERS SALES'!$C:$C,0),MATCH('index match'!B$1,ECOMMERS_SALES[#Headers],0)) -> 1010 | C11: =INDEX('ECOMMERS SALES'!$A:$J,MATCH('index match'!$A11,'ECOMMERS SALES'!$C:$C,0),MATCH('index match'!C$1,ECOMMERS_SALES[#Headers],0)) -> 11-01-2025 | D11: =INDEX('ECOMMERS SALES'!$A:$J,MATCH('index match'!$A11,'ECOMMERS SALES'!$C:$C,0),MATCH('index match'!D$1,ECOMMERS_SALES[#Headers],0)) -> Other | E11: =INDEX('ECOMMERS SALES'!$A:$J,MATCH('index match'!$A11,'ECOMMERS SALES'!$C:$C,0),MATCH('index match'!E$1,ECOMMERS_SALES[#Headers],0)) -> 1 | F11: =INDEX('ECOMMERS SALES'!$A:$J,MATCH('index match'!$A11,'ECOMMERS SALES'!$C:$C,0),MATCH('index match'!F$1,ECOMMERS_SALES[#Headers],0)) -> 268 | G11: =INDEX('ECOMMERS SALES'!$A:$J,MATCH('index match'!$A11,'ECOMMERS SALES'!$C:$C,0),MATCH('index match'!G$1,ECOMMERS_SALES[#Headers],0)) -> 268 | H11: =INDEX('ECOMMERS SALES'!$A:$J,MATCH('index match'!$A11,'ECOMMERS SALES'!$C:$C,0),MATCH('index match'!H$1,ECOMMERS_SALES[#Headers],0)) -> Chennai | I11: =INDEX('ECOMMERS SALES'!$A:$J,MATCH('index match'!$A11,'ECOMMERS SALES'!$C:$C,0),MATCH('index match'!I$1,ECOMMERS_SALES[#Headers],0)) -> New | J11: =INDEX('ECOMMERS SALES'!$A:$J,MATCH('index match'!$A11,'ECOMMERS SALES'!$C:$C,0),MATCH('index match'!J$1,ECOMMERS_SALES[#Headers],0)) -> UPI
A12: Laptop | B12: =INDEX('ECOMMERS SALES'!$A:$J,MATCH('index match'!$A12,'ECOMMERS SALES'!$C:$C,0),MATCH('index match'!B$1,ECOMMERS_SALES[#Headers],0)) -> 1001 | C12: =INDEX('ECOMMERS SALES'!$A:$J,MATCH('index match'!$A12,'ECOMMERS SALES'!$C:$C,0),MATCH('index match'!C$1,ECOMMERS_SALES[#Headers],0)) -> 02-01-2025 | D12: =INDEX('ECOMMERS SALES'!$A:$J,MATCH('index match'!$A12,'ECOMMERS SALES'!$C:$C,0),MATCH('index match'!D$1,ECOMMERS_SALES[#Headers],0)) -> Electronics | E12: =INDEX('ECOMMERS SALES'!$A:$J,MATCH('index match'!$A12,'ECOMMERS SALES'!$C:$C,0),MATCH('index match'!E$1,ECOMMERS_SALES[#Headers],0)) -> 2 | F12: =INDEX('ECOMMERS SALES'!$A:$J,MATCH('index match'!$A12,'ECOMMERS SALES'!$C:$C,0),MATCH('index match'!F$1,ECOMMERS_SALES[#Headers],0)) -> 50353 | G12: =INDEX('ECOMMERS SALES'!$A:$J,MATCH('index match'!$A12,'ECOMMERS SALES'!$C:$C,0),MATCH('index match'!G$1,ECOMMERS_SALES[#Headers],0)) -> 100706 | H12: =INDEX('ECOMMERS SALES'!$A:$J,MATCH('index match'!$A12,'ECOMMERS SALES'!$C:$C,0),MATCH('index match'!H$1,ECOMMERS_SALES[#Headers],0)) -> Chennai | I12: =INDEX('ECOMMERS SALES'!$A:$J,MATCH('index match'!$A12,'ECOMMERS SALES'!$C:$C,0),MATCH('index match'!I$1,ECOMMERS_SALES[#Headers],0)) -> Premimum | J12: =INDEX('ECOMMERS SALES'!$A:$J,MATCH('index match'!$A12,'ECOMMERS SALES'!$C:$C,0),MATCH('index match'!J$1,ECOMMERS_SALES[#Headers],0)) -> Card
A13: Headphones | B13: =INDEX('ECOMMERS SALES'!$A:$J,MATCH('index match'!$A13,'ECOMMERS SALES'!$C:$C,0),MATCH('index match'!B$1,ECOMMERS_SALES[#Headers],0)) -> 1002 | C13: =INDEX('ECOMMERS SALES'!$A:$J,MATCH('index match'!$A13,'ECOMMERS SALES'!$C:$C,0),MATCH('index match'!C$1,ECOMMERS_SALES[#Headers],0)) -> 03-01-2025 | D13: =INDEX('ECOMMERS SALES'!$A:$J,MATCH('index match'!$A13,'ECOMMERS SALES'!$C:$C,0),MATCH('index match'!D$1,ECOMMERS_SALES[#Headers],0)) -> Electronics | E13: =INDEX('ECOMMERS SALES'!$A:$J,MATCH('index match'!$A13,'ECOMMERS SALES'!$C:$C,0),MATCH('index match'!E$1,ECOMMERS_SALES[#Headers],0)) -> 2 | F13: =INDEX('ECOMMERS SALES'!$A:$J,MATCH('index match'!$A13,'ECOMMERS SALES'!$C:$C,0),MATCH('index match'!F$1,ECOMMERS_SALES[#Headers],0)) -> 2008 | G13: =INDEX('ECOMMERS SALES'!$A:$J,MATCH('index match'!$A13,'ECOMMERS SALES'!$C:$C,0),MATCH('index match'!G$1,ECOMMERS_SALES[#Headers],0)) -> 4016 | H13: =INDEX('ECOMMERS SALES'!$A:$J,MATCH('index match'!$A13,'ECOMMERS SALES'!$C:$C,0),MATCH('index match'!H$1,ECOMMERS_SALES[#Headers],0)) -> Delhi | I13: =INDEX('ECOMMERS SALES'!$A:$J,MATCH('index match'!$A13,'ECOMMERS SALES'!$C:$C,0),MATCH('index match'!I$1,ECOMMERS_SALES[#Headers],0)) -> New | J13: =INDEX('ECOMMERS SALES'!$A:$J,MATCH('index match'!$A13,'ECOMMERS SALES'!$C:$C,0),MATCH('index match'!J$1,ECOMMERS_SALES[#Headers],0)) -> UPI
... A500: Smartwatch | B500: =INDEX('ECOMMERS SALES'!$A:$J,MATCH('index match'!$A500,'ECOMMERS SALES'!$C:$C,0),MATCH('index match'!B$1,ECOMMERS_SALES[#Headers],0)) -> 1009 | C500: =INDEX('ECOMMERS SALES'!$A:$J,MATCH('index match'!$A500,'ECOMMERS SALES'!$C:$C,0),MATCH('index match'!C$1,ECOMMERS_SALES[#Headers],0)) -> 10-01-2025 | D500: =INDEX('ECOMMERS SALES'!$A:$J,MATCH('index match'!$A500,'ECOMMERS SALES'!$C:$C,0),MATCH('index match'!D$1,ECOMMERS_SALES[#Headers],0)) -> Electronics | E500: =INDEX('ECOMMERS SALES'!$A:$J,MATCH('index match'!$A500,'ECOMMERS SALES'!$C:$C,0),MATCH('index match'!E$1,ECOMMERS_SALES[#Headers],0)) -> 1 | F500: =INDEX('ECOMMERS SALES'!$A:$J,MATCH('index match'!$A500,'ECOMMERS SALES'!$C:$C,0),MATCH('index match'!F$1,ECOMMERS_SALES[#Headers],0)) -> 8563 | G500: =INDEX('ECOMMERS SALES'!$A:$J,MATCH('index match'!$A500,'ECOMMERS SALES'!$C:$C,0),MATCH('index match'!G$1,ECOMMERS_SALES[#Headers],0)) -> 8563 | H500: =INDEX('ECOMMERS SALES'!$A:$J,MATCH('index match'!$A500,'ECOMMERS SALES'!$C:$C,0),MATCH('index match'!H$1,ECOMMERS_SALES[#Headers],0)) -> Hyderabad | I500: =INDEX('ECOMMERS SALES'!$A:$J,MATCH('index match'!$A500,'ECOMMERS SALES'!$C:$C,0),MATCH('index match'!I$1,ECOMMERS_SALES[#Headers],0)) -> Returning | J500: =INDEX('ECOMMERS SALES'!$A:$J,MATCH('index match'!$A500,'ECOMMERS SALES'!$C:$C,0),MATCH('index match'!J$1,ECOMMERS_SALES[#Headers],0)) -> Card

Sheet vlookup match
A1: Order_ID | B1: Order_Date | C1: Product_Name | D1: Category | E1: Quantity | F1: Unit_Price | G1: Total_Sales | H1: Region | I1: Customer_Type | J1: Payment_Method
A2: 1001 | B2: =VLOOKUP($A2,'ECOMMERS SALES'!$1:$500,MATCH('vlookup match'!B$1,ECOMMERS_SALES[#Headers],0)) -> 02-01-2025 | C2: =VLOOKUP($A2,'ECOMMERS SALES'!$1:$500,MATCH('vlookup match'!C$1,ECOMMERS_SALES[#Headers],0)) -> Laptop | D2: =VLOOKUP($A2,'ECOMMERS SALES'!$1:$500,MATCH('vlookup match'!D$1,ECOMMERS_SALES[#Headers],0)) -> Electronics | E2: =VLOOKUP($A2,'ECOMMERS SALES'!$1:$500,MATCH('vlookup match'!E$1,ECOMMERS_SALES[#Headers],0)) -> 2 | F2: =VLOOKUP($A2,'ECOMMERS SALES'!$1:$500,MATCH('vlookup match'!F$1,ECOMMERS_SALES[#Headers],0)) -> 50353 | G2: =VLOOKUP($A2,'ECOMMERS SALES'!$1:$500,MATCH('vlookup match'!G$1,ECOMMERS_SALES[#Headers],0)) -> 100706 | H2: =VLOOKUP($A2,'ECOMMERS SALES'!$1:$500,MATCH('vlookup match'!H$1,ECOMMERS_SALES[#Headers],0)) -> Chennai | I2: =VLOOKUP($A2,'ECOMMERS SALES'!$1:$500,MATCH('vlookup match'!I$1,ECOMMERS_SALES[#Headers],0)) -> Premimum | J2: =VLOOKUP($A2,'ECOMMERS SALES'!$1:$500,MATCH('vlookup match'!J$1,ECOMMERS_SALES[#Headers],0)) -> Card
A3: 1002 | B3: =VLOOKUP($A3,'ECOMMERS SALES'!$1:$500,MATCH('vlookup match'!B$1,ECOMMERS_SALES[#Headers],0)) -> 03-01-2025 | C3: =VLOOKUP($A3,'ECOMMERS SALES'!$1:$500,MATCH('vlookup match'!C$1,ECOMMERS_SALES[#Headers],0)) -> Headphones | D3: =VLOOKUP($A3,'ECOMMERS SALES'!$1:$500,MATCH('vlookup match'!D$1,ECOMMERS_SALES[#Headers],0)) -> Electronics | E3: =VLOOKUP($A3,'ECOMMERS SALES'!$1:$500,MATCH('vlookup match'!E$1,ECOMMERS_SALES[#Headers],0)) -> 2 | F3: =VLOOKUP($A3,'ECOMMERS SALES'!$1:$500,MATCH('vlookup match'!F$1,ECOMMERS_SALES[#Headers],0)) -> 2008 | G3: =VLOOKUP($A3,'ECOMMERS SALES'!$1:$500,MATCH('vlookup match'!G$1,ECOMMERS_SALES[#Headers],0)) -> 4016 | H3: =VLOOKUP($A3,'ECOMMERS SALES'!$1:$500,MATCH('vlookup match'!H$1,ECOMMERS_SALES[#Headers],0)) -> Delhi | I3: =VLOOKUP($A3,'ECOMMERS SALES'!$1:$500,MATCH('vlookup match'!I$1,ECOMMERS_SALES[#Headers],0)) -> New | J3: =VLOOKUP($A3,'ECOMMERS SALES'!$1:$500,MATCH('vlookup match'!J$1,ECOMMERS_SALES[#Headers],0)) -> UPI
A4: 1003 | B4: =VLOOKUP($A4,'ECOMMERS SALES'!$1:$500,MATCH('vlookup match'!B$1,ECOMMERS_SALES[#Headers],0)) -> 04-01-2025 | C4: =VLOOKUP($A4,'ECOMMERS SALES'!$1:$500,MATCH('vlookup match'!C$1,ECOMMERS_SALES[#Headers],0)) -> Shoes | D4: =VLOOKUP($A4,'ECOMMERS SALES'!$1:$500,MATCH('vlookup match'!D$1,ECOMMERS_SALES[#Headers],0)) -> Fashion | E4: =VLOOKUP($A4,'ECOMMERS SALES'!$1:$500,MATCH('vlookup match'!E$1,ECOMMERS_SALES[#Headers],0)) -> 1 | F4: =VLOOKUP($A4,'ECOMMERS SALES'!$1:$500,MATCH('vlookup match'!F$1,ECOMMERS_SALES[#Headers],0)) -> 4736 | G4: =VLOOKUP($A4,'ECOMMERS SALES'!$1:$500,MATCH('vlookup match'!G$1,ECOMMERS_SALES[#Headers],0)) -> 4736 | H4: =VLOOKUP($A4,'ECOMMERS SALES'!$1:$500,MATCH('vlookup match'!H$1,ECOMMERS_SALES[#Headers],0)) -> Chennai | I4: =VLOOKUP($A4,'ECOMMERS SALES'!$1:$500,MATCH('vlookup match'!I$1,ECOMMERS_SALES[#Headers],0)) -> New | J4: =VLOOKUP($A4,'ECOMMERS SALES'!$1:$500,MATCH('vlookup match'!J$1,ECOMMERS_SALES[#Headers],0)) -> UPI
A5: 1004 | B5: =VLOOKUP($A5,'ECOMMERS SALES'!$1:$500,MATCH('vlookup match'!B$1,ECOMMERS_SALES[#Headers],0)) -> 05-01-2025 | C5: =VLOOKUP($A5,'ECOMMERS SALES'!$1:$500,MATCH('vlookup match'!C$1,ECOMMERS_SALES[#Headers],0)) -> Watch | D5: =VLOOKUP($A5,'ECOMMERS SALES'!$1:$500,MATCH('vlookup match'!D$1,ECOMMERS_SALES[#Headers],0)) -> Other | E5: =VLOOKUP($A5,'ECOMMERS SALES'!$1:$500,MATCH('vlookup match'!E$1,ECOMMERS_SALES[#Headers],0)) -> 2 | F5: =VLOOKUP($A5,'ECOMMERS SALES'!$1:$500,MATCH('vlookup match'!F$1,ECOMMERS_SALES[#Headers],0)) -> 10072 | G5: =VLOOKUP($A5,'ECOMMERS SALES'!$1:$500,MATCH('vlookup match'!G$1,ECOMMERS_SALES[#Headers],0)) -> 20144 | H5: =VLOOKUP($A5,'ECOMMERS SALES'!$1:$500,MATCH('vlookup match'!H$1,ECOMMERS_SALES[#Headers],0)) -> Pune | I5: =VLOOKUP($A5,'ECOMMERS SALES'!$1:$500,MATCH('vlookup match'!I$1,ECOMMERS_SALES[#Headers],0)) -> Premimum | J5: =VLOOKUP($A5,'ECOMMERS SALES'!$1:$500,MATCH('vlookup match'!J$1,ECOMMERS_SALES[#Headers],0)) -> Card
A6: 1005 | B6: =VLOOKUP($A6,'ECOMMERS SALES'!$1:$500,MATCH('vlookup match'!B$1,ECOMMERS_SALES[#Headers],0)) -> 06-01-2025 | C6: =VLOOKUP($A6,'ECOMMERS SALES'!$1:$500,MATCH('vlookup match'!C$1,ECOMMERS_SALES[#Headers],0)) -> Mobile Case | D6: =VLOOKUP($A6,'ECOMMERS SALES'!$1:$500,MATCH('vlookup match'!D$1,ECOMMERS_SALES[#Headers],0)) -> Other | E6: =VLOOKUP($A6,'ECOMMERS SALES'!$1:$500,MATCH('vlookup match'!E$1,ECOMMERS_SALES[#Headers],0)) -> 2 | F6: =VLOOKUP($A6,'ECOMMERS SALES'!$1:$500,MATCH('vlookup match'!F$1,ECOMMERS_SALES[#Headers],0)) -> 920 | G6: =VLOOKUP($A6,'ECOMMERS SALES'!$1:$500,MATCH('vlookup match'!G$1,ECOMMERS_SALES[#Headers],0)) -> 1840 | H6: =VLOOKUP($A6,'ECOMMERS SALES'!$1:$500,MATCH('vlookup match'!H$1,ECOMMERS_SALES[#Headers],0)) -> Pune | I6: =VLOOKUP($A6,'ECOMMERS SALES'!$1:$500,MATCH('vlookup match'!I$1,ECOMMERS_SALES[#Headers],0)) -> New | J6: =VLOOKUP($A6,'ECOMMERS SALES'!$1:$500,MATCH('vlookup match'!J$1,ECOMMERS_SALES[#Headers],0)) -> UPI
A7: 1006 | B7: =VLOOKUP($A7,'ECOMMERS SALES'!$1:$500,MATCH('vlookup match'!B$1,ECOMMERS_SALES[#Headers],0)) -> 07-01-2025 | C7: =VLOOKUP($A7,'ECOMMERS SALES'!$1:$500,MATCH('vlookup match'!C$1,ECOMMERS_SALES[#Headers],0)) -> Tablet | D7: =VLOOKUP($A7,'ECOMMERS SALES'!$1:$500,MATCH('vlookup match'!D$1,ECOMMERS_SALES[#Headers],0)) -> Electronics | E7: =VLOOKUP($A7,'ECOMMERS SALES'!$1:$500,MATCH('vlookup match'!E$1,ECOMMERS_SALES[#Headers],0)) -> 1 | F7: =VLOOKUP($A7,'ECOMMERS SALES'!$1:$500,MATCH('vlookup match'!F$1,ECOMMERS_SALES[#Headers],0)) -> 13225 | G7: =VLOOKUP($A7,'ECOMMERS SALES'!$1:$500,MATCH('vlookup match'!G$1,ECOMMERS_SALES[#Headers],0)) -> 13225 | H7: =VLOOKUP($A7,'ECOMMERS SALES'!$1:$500,MATCH('vlookup match'!H$1,ECOMMERS_SALES[#Headers],0)) -> Delhi | I7: =VLOOKUP($A7,'ECOMMERS SALES'!$1:$500,MATCH('vlookup match'!I$1,ECOMMERS_SALES[#Headers],0)) -> Returning | J7: =VLOOKUP($A7,'ECOMMERS SALES'!$1:$500,MATCH('vlookup match'!J$1,ECOMMERS_SALES[#Headers],0)) -> COD
A8: 1007 | B8: =VLOOKUP($A8,'ECOMMERS SALES'!$1:$500,MATCH('vlookup match'!B$1,ECOMMERS_SALES[#Headers],0)) -> 08-01-2025 | C8: =VLOOKUP($A8,'ECOMMERS SALES'!$1:$500,MATCH('vlookup match'!C$1,ECOMMERS_SALES[#Headers],0)) -> Book | D8: =VLOOKUP($A8,'ECOMMERS SALES'!$1:$500,MATCH('vlookup match'!D$1,ECOMMERS_SALES[#Headers],0)) -> Books | E8: =VLOOKUP($A8,'ECOMMERS SALES'!$1:$500,MATCH('vlookup match'!E$1,ECOMMERS_SALES[#Headers],0)) -> 3 | F8: =VLOOKUP($A8,'ECOMMERS SALES'!$1:$500,MATCH('vlookup match'!F$1,ECOMMERS_SALES[#Headers],0)) -> 621 | G8: =VLOOKUP($A8,'ECOMMERS SALES'!$1:$500,MATCH('vlookup match'!G$1,ECOMMERS_SALES[#Headers],0)) -> 1863 | H8: =VLOOKUP($A8,'ECOMMERS SALES'!$1:$500,MATCH('vlookup match'!H$1,ECOMMERS_SALES[#Headers],0)) -> Hyderabad | I8: =VLOOKUP($A8,'ECOMMERS SALES'!$1:$500,MATCH('vlookup match'!I$1,ECOMMERS_SALES[#Headers],0)) -> Premimum | J8: =VLOOKUP($A8,'ECOMMERS SALES'!$1:$500,MATCH('vlookup match'!J$1,ECOMMERS_SALES[#Headers],0)) -> UPI
A9: 1008 | B9: =VLOOKUP($A9,'ECOMMERS SALES'!$1:$500,MATCH('vlookup match'!B$1,ECOMMERS_SALES[#Headers],0)) -> 09-01-2025 | C9: =VLOOKUP($A9,'ECOMMERS SALES'!$1:$500,MATCH('vlookup match'!C$1,ECOMMERS_SALES[#Headers],0)) -> Backpack | D9: =VLOOKUP($A9,'ECOMMERS SALES'!$1:$500,MATCH('vlookup match'!D$1,ECOMMERS_SALES[#Headers],0)) -> Fashion | E9: =VLOOKUP($A9,'ECOMMERS SALES'!$1:$500,MATCH('vlookup match'!E$1,ECOMMERS_SALES[#Headers],0)) -> 2 | F9: =VLOOKUP($A9,'ECOMMERS SALES'!$1:$500,MATCH('vlookup match'!F$1,ECOMMERS_SALES[#Headers],0)) -> 905 | G9: =VLOOKUP($A9,'ECOMMERS SALES'!$1:$500,MATCH('vlookup match'!G$1,ECOMMERS_SALES[#Headers],0)) -> 1810 | H9: =VLOOKUP($A9,'ECOMMERS SALES'!$1:$500,MATCH('vlookup match'!H$1,ECOMMERS_SALES[#Headers],0)) -> Bangalore | I9: =VLOOKUP($A9,'ECOMMERS SALES'!$1:$500,MATCH('vlookup match'!I$1,ECOMMERS_SALES[#Headers],0)) -> New | J9: =VLOOKUP($A9,'ECOMMERS SALES'!$1:$500,MATCH('vlookup match'!J$1,ECOMMERS_SALES[#Headers],0)) -> COD
A10: 1009 | B10: =VLOOKUP($A10,'ECOMMERS SALES'!$1:$500,MATCH('vlookup match'!B$1,ECOMMERS_SALES[#Headers],0)) -> 10-01-2025 | C10: =VLOOKUP($A10,'ECOMMERS SALES'!$1:$500,MATCH('vlookup match'!C$1,ECOMMERS_SALES[#Headers],0)) -> Smartwatch | D10: =VLOOKUP($A10,'ECOMMERS SALES'!$1:$500,MATCH('vlookup match'!D$1,ECOMMERS_SALES[#Headers],0)) -> Electronics | E10: =VLOOKUP($A10,'ECOMMERS SALES'!$1:$500,MATCH('vlookup match'!E$1,ECOMMERS_SALES[#Headers],0)) -> 1 | F10: =VLOOKUP($A10,'ECOMMERS SALES'!$1:$500,MATCH('vlookup match'!F$1,ECOMMERS_SALES[#Headers],0)) -> 8563 | G10: =VLOOKUP($A10,'ECOMMERS SALES'!$1:$500,MATCH('vlookup match'!G$1,ECOMMERS_SALES[#Headers],0)) -> 8563 | H10: =VLOOKUP($A10,'ECOMMERS SALES'!$1:$500,MATCH('vlookup match'!H$1,ECOMMERS_SALES[#Headers],0)) -> Hyderabad | I10: =VLOOKUP($A10,'ECOMMERS SALES'!$1:$500,MATCH('vlookup match'!I$1,ECOMMERS_SALES[#Headers],0)) -> Returning | J10: =VLOOKUP($A10,'ECOMMERS SALES'!$1:$500,MATCH('vlookup match'!J$1,ECOMMERS_SALES[#Headers],0)) -> Card
A11: 1010 | B11: =VLOOKUP($A11,'ECOMMERS SALES'!$1:$500,MATCH('vlookup match'!B$1,ECOMMERS_SALES[#Headers],0)) -> 11-01-2025 | C11: =VLOOKUP($A11,'ECOMMERS SALES'!$1:$500,MATCH('vlookup match'!C$1,ECOMMERS_SALES[#Headers],0)) -> Water Bottle | D11: =VLOOKUP($A11,'ECOMMERS SALES'!$1:$500,MATCH('vlookup match'!D$1,ECOMMERS_SALES[#Headers],0)) -> Other | E11: =VLOOKUP($A11,'ECOMMERS SALES'!$1:$500,MATCH('vlookup match'!E$1,ECOMMERS_SALES[#Headers],0)) -> 1 | F11: =VLOOKUP($A11,'ECOMMERS SALES'!$1:$500,MATCH('vlookup match'!F$1,ECOMMERS_SALES[#Headers],0)) -> 268 | G11: =VLOOKUP($A11,'ECOMMERS SALES'!$1:$500,MATCH('vlookup match'!G$1,ECOMMERS_SALES[#Headers],0)) -> 268 | H11: =VLOOKUP($A11,'ECOMMERS SALES'!$1:$500,MATCH('vlookup match'!H$1,ECOMMERS_SALES[#Headers],0)) -> Chennai | I11: =VLOOKUP($A11,'ECOMMERS SALES'!$1:$500,MATCH('vlookup match'!I$1,ECOMMERS_SALES[#Headers],0)) -> New | J11: =VLOOKUP($A11,'ECOMMERS SALES'!$1:$500,MATCH('vlookup match'!J$1,ECOMMERS_SALES[#Headers],0)) -> UPI
A12: 1011 | B12: =VLOOKUP($A12,'ECOMMERS SALES'!$1:$500,MATCH('vlookup match'!B$1,ECOMMERS_SALES[#Headers],0)) -> 12-01-2025 | C12: =VLOOKUP($A12,'ECOMMERS SALES'!$1:$500,MATCH('vlookup match'!C$1,ECOMMERS_SALES[#Headers],0)) -> Laptop | D12: =VLOOKUP($A12,'ECOMMERS SALES'!$1:$500,MATCH('vlookup match'!D$1,ECOMMERS_SALES[#Headers],0)) -> Electronics | E12: =VLOOKUP($A12,'ECOMMERS SALES'!$1:$500,MATCH('vlookup match'!E$1,ECOMMERS_SALES[#Headers],0)) -> 2 | F12: =VLOOKUP($A12,'ECOMMERS SALES'!$1:$500,MATCH('vlookup match'!F$1,ECOMMERS_SALES[#Headers],0)) -> 54018 | G12: =VLOOKUP($A12,'ECOMMERS SALES'!$1:$500,MATCH('vlookup match'!G$1,ECOMMERS_SALES[#Headers],0)) -> 108036 | H12: =VLOOKUP($A12,'ECOMMERS SALES'!$1:$500,MATCH('vlookup match'!H$1,ECOMMERS_SALES[#Headers],0)) -> Hyderabad | I12: =VLOOKUP($A12,'ECOMMERS SALES'!$1:$500,MATCH('vlookup match'!I$1,ECOMMERS_SALES[#Headers],0)) -> Returning | J12: =VLOOKUP($A12,'ECOMMERS SALES'!$1:$500,MATCH('vlookup match'!J$1,ECOMMERS_SALES[#Headers],0)) -> Card
A13: 1012 | B13: =VLOOKUP($A13,'ECOMMERS SALES'!$1:$500,MATCH('vlookup match'!B$1,ECOMMERS_SALES[#Headers],0)) -> 13-01-2025 | C13: =VLOOKUP($A13,'ECOMMERS SALES'!$1:$500,MATCH('vlookup match'!C$1,ECOMMERS_SALES[#Headers],0)) -> Headphones | D13: =VLOOKUP($A13,'ECOMMERS SALES'!$1:$500,MATCH('vlookup match'!D$1,ECOMMERS_SALES[#Headers],0)) -> Electronics | E13: =VLOOKUP($A13,'ECOMMERS SALES'!$1:$500,MATCH('vlookup match'!E$1,ECOMMERS_SALES[#Headers],0)) -> 3 | F13: =VLOOKUP($A13,'ECOMMERS SALES'!$1:$500,MATCH('vlookup match'!F$1,ECOMMERS_SALES[#Headers],0)) -> 4762 | G13: =VLOOKUP($A13,'ECOMMERS SALES'!$1:$500,MATCH('vlookup match'!G$1,ECOMMERS_SALES[#Headers],0)) -> 14286 | H13: =VLOOKUP($A13,'ECOMMERS SALES'!$1:$500,MATCH('vlookup match'!H$1,ECOMMERS_SALES[#Headers],0)) -> Delhi | I13: =VLOOKUP($A13,'ECOMMERS SALES'!$1:$500,MATCH('vlookup match'!I$1,ECOMMERS_SALES[#Headers],0)) -> Returning | J13: =VLOOKUP($A13,'ECOMMERS SALES'!$1:$500,MATCH('vlookup match'!J$1,ECOMMERS_SALES[#Headers],0)) -> UPI
... A500: 1499 | B500: =VLOOKUP($A500,'ECOMMERS SALES'!$1:$500,MATCH('vlookup match'!B$1,ECOMMERS_SALES[#Headers],0)) -> 15-05-2026 | C500: =VLOOKUP($A500,'ECOMMERS SALES'!$1:$500,MATCH('vlookup match'!C$1,ECOMMERS_SALES[#Headers],0)) -> Smartwatch | D500: =VLOOKUP($A500,'ECOMMERS SALES'!$1:$500,MATCH('vlookup match'!D$1,ECOMMERS_SALES[#Headers],0)) -> Electronics | E500: =VLOOKUP($A500,'ECOMMERS SALES'!$1:$500,MATCH('vlookup match'!E$1,ECOMMERS_SALES[#Headers],0)) -> 1 | F500: =VLOOKUP($A500,'ECOMMERS SALES'!$1:$500,MATCH('vlookup match'!F$1,ECOMMERS_SALES[#Headers],0)) -> 13343 | G500: =VLOOKUP($A500,'ECOMMERS SALES'!$1:$500,MATCH('vlookup match'!G$1,ECOMMERS_SALES[#Headers],0)) -> 13343 | H500: =VLOOKUP($A500,'ECOMMERS SALES'!$1:$500,MATCH('vlookup match'!H$1,ECOMMERS_SALES[#Headers],0)) -> Hyderabad | I500: =VLOOKUP($A500,'ECOMMERS SALES'!$1:$500,MATCH('vlookup match'!I$1,ECOMMERS_SALES[#Headers],0)) -> Premimum | J500: =VLOOKUP($A500,'ECOMMERS SALES'!$1:$500,MATCH('vlookup match'!J$1,ECOMMERS_SALES[#Headers],0)) -> UPI
